recipe_id,recipe_name,ingredients,steps,cuisine,diet_type,calories,protein_g,fat_g,carbs_g,url
1,Grilled Chicken & Veg Bowl,"chicken breast, broccoli, olive oil, garlic, brown rice, lemon",Season chicken with garlic and lemon. Grill until cooked. Steam broccoli. Serve over warm brown rice and drizzle with olive oil.,American,weight_loss,630,43.7,22.8,62.5,https://tse2.mm.bing.net/th?q=Grilled%20Chicken%20%26%20Veg%20Bowl%20food&w=400&h=400&c=7
2,Mediterranean Chickpea Salad,"chickpeas, cucumber, tomato, parsley, lemon juice, olive oil","Rinse chickpeas, chop vegetables, mix together, and toss with lemon juice and olive oil.",Mediterranean,maintenance,562,21,26,61,https://tse2.mm.bing.net/th?q=Mediterranean%20Chickpea%20Salad%20food&w=400&h=400&c=7
3,Tofu Stir-Fry with Veggies,"tofu, bell pepper, broccoli, soy sauce, ginger, sesame oil",Sauté tofu until golden. Add chopped veggies and stir-fry with soy sauce and ginger. Finish with sesame oil.,Asian,weight_loss,496,28,24.7,40.5,https://tse2.mm.bing.net/th?q=Tofu%20Stir%20Fry%20with%20Veggies%20food&w=400&h=400&c=7
4,Salmon & Quinoa Plate,"salmon fillet, quinoa, spinach, olive oil, lemon",Bake salmon with lemon. Cook quinoa. Wilt spinach in olive oil. Serve together for a balanced meal.,American,weight_gain,763,44.1,36.3,64.9,https://tse2.mm.bing.net/th?q=Salmon%20%26%20Quinoa%20Plate%20food&w=400&h=400&c=7
5,Oats & Berry Breakfast Bowl,"rolled oats, blueberries, almond milk, chia seeds",Simmer oats in almond milk. Top with blueberries and chia seeds.,Global,maintenance,791,25,27,112,https://tse2.mm.bing.net/th?q=Oats%20%26%20Berry%20Breakfast%20Bowl%20food&w=400&h=400&c=7
6,Black Bean with Potato & Mixed salad greens,"black beans, potato, mixed salad greens, nuts",Prepare the black beans. Cook potato as appropriate. Combine with mixed salad greens and nuts. Season to taste and serve.,Indian,weight_loss,706,34.7,24.7,86.2,https://tse2.mm.bing.net/th?q=Black%20Bean%20with%20Potato%20%26%20Mixed%20salad%20greens%20food&w=400&h=400&c=7
7,Tuna with Whole wheat pasta & Spinach,"tuna steak, whole wheat pasta, spinach, lemon, sesame oil","Prepare the tuna steak. Cook whole wheat pasta as appropriate. Combine with spinach and lemon, sesame oil. Season to taste and serve.",Middle Eastern,maintenance,673,50,21,71,https://tse2.mm.bing.net/th?q=Tuna%20with%20Whole%20wheat%20pasta%20%26%20Spinach%20food&w=400&h=400&c=7
8,Salmon with Rolled oats & Asparagus,"salmon fillet, rolled oats, asparagus, zucchini, spinach, lemon, olive oil, banana","Prepare the salmon fillet. Cook rolled oats as appropriate. Combine with asparagus, zucchini, spinach and lemon, olive oil, banana. Season to taste and serve.",Mexican,maintenance,924,39,36,111,https://tse2.mm.bing.net/th?q=Salmon%20with%20Rolled%20oats%20%26%20Asparagus%20food&w=400&h=400&c=7
9,Tuna with Whole wheat pasta & Asparagus,"tuna steak, whole wheat pasta, asparagus, ginger, banana","Prepare the tuna steak. Cook whole wheat pasta as appropriate. Combine with asparagus and ginger, banana. Season to taste and serve.",Indian,maintenance,636,42,8,99,https://tse2.mm.bing.net/th?q=Tuna%20with%20Whole%20wheat%20pasta%20%26%20Asparagus%20food&w=400&h=400&c=7
10,Turkey with Sweet potato & Bell pepper,"turkey mince, sweet potato, bell pepper, asparagus, honey, olive oil","Prepare the turkey mince. Cook sweet potato as appropriate. Combine with bell pepper, asparagus and honey, olive oil. Season to taste and serve.",Mexican,maintenance,745,41,29,80,https://tse2.mm.bing.net/th?q=Turkey%20with%20Sweet%20potato%20%26%20Bell%20pepper%20food&w=400&h=400&c=7
11,Salmon with Potato & Asparagus,"salmon fillet, potato, asparagus, spinach, carrots, avocado, banana","Prepare the salmon fillet. Cook potato as appropriate. Combine with asparagus, spinach, carrots and avocado, banana. Season to taste and serve.",Global,weight_gain,1050,39.9,41.8,128.6,https://tse2.mm.bing.net/th?q=Salmon%20with%20Potato%20%26%20Asparagus%20food&w=400&h=400&c=7
12,Black Bean with Potato & Mixed salad greens,"black beans, potato, mixed salad greens, kale, garlic","Prepare the black beans. Cook potato as appropriate. Combine with mixed salad greens, kale and garlic. Season to taste and serve.",Global,weight_loss,449,25.8,4.8,75.7,https://tse2.mm.bing.net/th?q=Black%20Bean%20with%20Potato%20%26%20Mixed%20salad%20greens%20food&w=400&h=400&c=7
13,Oat with Rolled oats & Spinach,"oats, rolled oats, spinach, bell pepper, berries, nuts","Prepare the oats. Cook rolled oats as appropriate. Combine with spinach, bell pepper and berries, nuts. Season to taste and serve.",Indian,maintenance,770,21,26,113,https://tse2.mm.bing.net/th?q=Oat%20with%20Rolled%20oats%20%26%20Spinach%20food&w=400&h=400&c=7
14,Tuna & Spinach Salad,"tuna steak, spinach, kale, garlic, nuts","Prepare the tuna steak. Cook spinach as appropriate. Combine with spinach, kale and garlic, nuts. Season to taste and serve.",American,weight_loss,546,56,20.9,33.4,https://tse2.mm.bing.net/th?q=Tuna%20%26%20Spinach%20Salad%20food&w=400&h=400&c=7
15,Salmon & Bell pepper Salad,"salmon fillet, bell pepper, spinach, honey, garlic","Prepare the salmon fillet. Cook bell pepper as appropriate. Combine with bell pepper, spinach and honey, garlic. Season to taste and serve.",American,weight_loss,474,33.6,19,42.2,https://tse2.mm.bing.net/th?q=Salmon%20%26%20Bell%20pepper%20Salad%20food&w=400&h=400&c=7
16,Turkey with Potato & Spinach,"turkey mince, potato, spinach, nuts, lemon, chia seeds","Prepare the turkey mince. Cook potato as appropriate. Combine with spinach and nuts, lemon, chia seeds. Season to taste and serve.",Asian,weight_gain,950,57.8,38.5,93.2,https://tse2.mm.bing.net/th?q=Turkey%20with%20Potato%20%26%20Spinach%20food&w=400&h=400&c=7
17,Black Bean & Bell pepper Salad,"black beans, bell pepper, zucchini, yogurt, ginger, soy sauce","Prepare the black beans. Cook bell pepper as appropriate. Combine with bell pepper, zucchini and yogurt, ginger, soy sauce. Season to taste and serve.",Italian,maintenance,578,36,14,77,https://tse2.mm.bing.net/th?q=Black%20Bean%20%26%20Bell%20pepper%20Salad%20food&w=400&h=400&c=7
18,Chickpea with Quinoa & Asparagus,"chickpeas, quinoa, asparagus, berries",Prepare the chickpeas. Cook quinoa as appropriate. Combine with asparagus and berries. Season to taste and serve.,Mexican,weight_gain,767,28.4,15.4,128.6,https://tse2.mm.bing.net/th?q=Chickpea%20with%20Quinoa%20%26%20Asparagus%20food&w=400&h=400&c=7
19,Turkey with Brown rice & Spinach,"turkey mince, brown rice, spinach, zucchini, soy sauce","Prepare the turkey mince. Cook brown rice as appropriate. Combine with spinach, zucchini and soy sauce. Season to taste and serve.",Global,weight_loss,576,47,16.1,60.7,https://tse2.mm.bing.net/th?q=Turkey%20with%20Brown%20rice%20%26%20Spinach%20food&w=400&h=400&c=7
20,Chickpea & Spinach Salad,"chickpeas, spinach, banana",Prepare the chickpeas. Cook spinach as appropriate. Combine with spinach and banana. Season to taste and serve.,Italian,weight_gain,696,29.4,17.6,105,https://tse2.mm.bing.net/th?q=Chickpea%20%26%20Spinach%20Salad%20food&w=400&h=400&c=7
21,Oat with Rolled oats & Broccoli,"oats, rolled oats, broccoli, yogurt, sesame oil","Prepare the oats. Cook rolled oats as appropriate. Combine with broccoli and yogurt, sesame oil. Season to taste and serve.",Mediterranean,weight_loss,715,29.1,31.3,79.2,https://tse2.mm.bing.net/th?q=Oat%20with%20Rolled%20oats%20%26%20Broccoli%20food&w=400&h=400&c=7
22,Lentil with Sweet potato & Spinach,"lentils, sweet potato, spinach, honey, chia seeds","Prepare the lentils. Cook sweet potato as appropriate. Combine with spinach and honey, chia seeds. Season to taste and serve.",Mediterranean,maintenance,761,32,13,129,https://tse2.mm.bing.net/th?q=Lentil%20with%20Sweet%20potato%20%26%20Spinach%20food&w=400&h=400&c=7
23,Tofu with Sweet potato & Mixed salad greens,"tofu, sweet potato, mixed salad greens, garlic",Prepare the tofu. Cook sweet potato as appropriate. Combine with mixed salad greens and garlic. Season to taste and serve.,Italian,weight_loss,501,33.6,14.2,59.8,https://tse2.mm.bing.net/th?q=Tofu%20with%20Sweet%20potato%20%26%20Mixed%20salad%20greens%20food&w=400&h=400&c=7
24,Black Bean with Sweet potato & Bell pepper,"black beans, sweet potato, bell pepper, ginger, olive oil","Prepare the black beans. Cook sweet potato as appropriate. Combine with bell pepper and ginger, olive oil. Season to taste and serve.",American,maintenance,666,23,18,103,https://tse2.mm.bing.net/th?q=Black%20Bean%20with%20Sweet%20potato%20%26%20Bell%20pepper%20food&w=400&h=400&c=7
25,Chickpea with Potato & Broccoli,"chickpeas, potato, broccoli, lemon, garlic, honey","Prepare the chickpeas. Cook potato as appropriate. Combine with broccoli and lemon, garlic, honey. Season to taste and serve.",Mediterranean,maintenance,727,28,15,120,https://tse2.mm.bing.net/th?q=Chickpea%20with%20Potato%20%26%20Broccoli%20food&w=400&h=400&c=7
26,Quinoa with Potato & Spinach,"quinoa, potato, spinach, banana, berries","Prepare the quinoa. Cook potato as appropriate. Combine with spinach and banana, berries. Season to taste and serve.",Middle Eastern,maintenance,752,23,12,138,https://tse2.mm.bing.net/th?q=Quinoa%20with%20Potato%20%26%20Spinach%20food&w=400&h=400&c=7
27,Tuna with Rolled oats & Zucchini,"tuna steak, rolled oats, zucchini, bell pepper, kale, olive oil","Prepare the tuna steak. Cook rolled oats as appropriate. Combine with zucchini, bell pepper, kale and olive oil. Season to taste and serve.",Global,weight_gain,854,44.1,27.5,107.4,https://tse2.mm.bing.net/th?q=Tuna%20with%20Rolled%20oats%20%26%20Zucchini%20food&w=400&h=400&c=7
28,Turkey with Quinoa & Spinach,"turkey mince, quinoa, spinach, carrots, soy sauce, garlic","Prepare the turkey mince. Cook quinoa as appropriate. Combine with spinach, carrots and soy sauce, garlic. Season to taste and serve.",Global,maintenance,601,48,13,73,https://tse2.mm.bing.net/th?q=Turkey%20with%20Quinoa%20%26%20Spinach%20food&w=400&h=400&c=7
29,Tuna & Kale Salad,"tuna steak, kale, lemon, honey","Prepare the tuna steak. Cook kale as appropriate. Combine with kale and lemon, honey. Season to taste and serve.",Asian,maintenance,363,38,7,37,https://tse2.mm.bing.net/th?q=Tuna%20%26%20Kale%20Salad%20food&w=400&h=400&c=7
30,Black Bean with Brown rice & Mixed salad greens,"black beans, brown rice, mixed salad greens, olive oil, honey","Prepare the black beans. Cook brown rice as appropriate. Combine with mixed salad greens and olive oil, honey. Season to taste and serve.",Middle Eastern,maintenance,781,27,21,121,https://tse2.mm.bing.net/th?q=Black%20Bean%20with%20Brown%20rice%20%26%20Mixed%20salad%20greens%20food&w=400&h=400&c=7
31,Black Bean & Broccoli Salad,"black beans, broccoli, carrots, mixed salad greens, garlic, chia seeds, olive oil","Prepare the black beans. Cook broccoli as appropriate. Combine with broccoli, carrots, mixed salad greens and garlic, chia seeds, olive oil. Season to taste and serve.",Middle Eastern,weight_gain,751,29.4,35.2,79.1,https://tse2.mm.bing.net/th?q=Black%20Bean%20%26%20Broccoli%20Salad%20food&w=400&h=400&c=7
32,Chicken with Brown rice & Bell pepper,"chicken breast, brown rice, bell pepper, asparagus, banana","Prepare the chicken breast. Cook brown rice as appropriate. Combine with bell pepper, asparagus and banana. Season to taste and serve.",Mediterranean,weight_loss,637,48.2,11.4,85.4,https://tse2.mm.bing.net/th?q=Chicken%20with%20Brown%20rice%20%26%20Bell%20pepper%20food&w=400&h=400&c=7
33,Tofu & Mixed salad greens Salad,"tofu, mixed salad greens, garlic",Prepare the tofu. Cook mixed salad greens as appropriate. Combine with mixed salad greens and garlic. Season to taste and serve.,Middle Eastern,weight_gain,349,23.1,16.5,27.1,https://tse2.mm.bing.net/th?q=Tofu%20%26%20Mixed%20salad%20greens%20Salad%20food&w=400&h=400&c=7
34,Salmon with Brown rice & Bell pepper,"salmon fillet, brown rice, bell pepper, spinach, sesame oil, soy sauce","Prepare the salmon fillet. Cook brown rice as appropriate. Combine with bell pepper, spinach and sesame oil, soy sauce. Season to taste and serve.",Mexican,maintenance,783,41,35,76,https://tse2.mm.bing.net/th?q=Salmon%20with%20Brown%20rice%20%26%20Bell%20pepper%20food&w=400&h=400&c=7
35,Salmon & Asparagus Salad,"salmon fillet, asparagus, carrots, avocado, banana, chia seeds","Prepare the salmon fillet. Cook asparagus as appropriate. Combine with asparagus, carrots and avocado, banana, chia seeds. Season to taste and serve.",Middle Eastern,maintenance,819,35,47,64,https://tse2.mm.bing.net/th?q=Salmon%20%26%20Asparagus%20Salad%20food&w=400&h=400&c=7
36,Salmon with Whole wheat pasta & Asparagus,"salmon fillet, whole wheat pasta, asparagus, bell pepper, zucchini, lemon, avocado, berries","Prepare the salmon fillet. Cook whole wheat pasta as appropriate. Combine with asparagus, bell pepper, zucchini and lemon, avocado, berries. Season to taste and serve.",Mexican,weight_gain,1024,45.1,40.7,119.2,https://tse2.mm.bing.net/th?q=Salmon%20with%20Whole%20wheat%20pasta%20%26%20Asparagus%20food&w=400&h=400&c=7
37,Black Bean with Rolled oats & Bell pepper,"black beans, rolled oats, bell pepper, kale, carrots, banana","Prepare the black beans. Cook rolled oats as appropriate. Combine with bell pepper, kale, carrots and banana. Season to taste and serve.",Middle Eastern,maintenance,826,28,14,147,https://tse2.mm.bing.net/th?q=Black%20Bean%20with%20Rolled%20oats%20%26%20Bell%20pepper%20food&w=400&h=400&c=7
38,Tuna with Whole wheat pasta & Zucchini,"tuna steak, whole wheat pasta, zucchini, carrots, ginger","Prepare the tuna steak. Cook whole wheat pasta as appropriate. Combine with zucchini, carrots and ginger. Season to taste and serve.",Italian,weight_gain,592,44.1,11,79.1,https://tse2.mm.bing.net/th?q=Tuna%20with%20Whole%20wheat%20pasta%20%26%20Zucchini%20food&w=400&h=400&c=7
39,Black Bean & Zucchini Salad,"black beans, zucchini, spinach, honey, berries","Prepare the black beans. Cook zucchini as appropriate. Combine with zucchini, spinach and honey, berries. Season to taste and serve.",Middle Eastern,weight_gain,621,30.5,7.7,107.4,https://tse2.mm.bing.net/th?q=Black%20Bean%20%26%20Zucchini%20Salad%20food&w=400&h=400&c=7
40,Chickpea & Kale Salad,"chickpeas, kale, asparagus, broccoli, chia seeds, banana","Prepare the chickpeas. Cook kale as appropriate. Combine with kale, asparagus, broccoli and chia seeds, banana. Season to taste and serve.",Middle Eastern,weight_loss,693,32.5,19.9,95.9,https://tse2.mm.bing.net/th?q=Chickpea%20%26%20Kale%20Salad%20food&w=400&h=400&c=7
41,Turkey with Brown rice & Carrots,"turkey mince, brown rice, carrots, honey, lemon, nuts","Prepare the turkey mince. Cook brown rice as appropriate. Combine with carrots and honey, lemon, nuts. Season to taste and serve.",Italian,weight_gain,959,49.4,36.3,108.6,https://tse2.mm.bing.net/th?q=Turkey%20with%20Brown%20rice%20%26%20Carrots%20food&w=400&h=400&c=7
42,Turkey with Rolled oats & Spinach,"turkey mince, rolled oats, spinach, ginger, garlic","Prepare the turkey mince. Cook rolled oats as appropriate. Combine with spinach and ginger, garlic. Season to taste and serve.",Global,weight_loss,637,49.3,15.2,75.7,https://tse2.mm.bing.net/th?q=Turkey%20with%20Rolled%20oats%20%26%20Spinach%20food&w=400&h=400&c=7
43,Tofu & Asparagus Salad,"tofu, asparagus, mixed salad greens, bell pepper, yogurt, chia seeds, avocado","Prepare the tofu. Cook asparagus as appropriate. Combine with asparagus, mixed salad greens, bell pepper and yogurt, chia seeds, avocado. Season to taste and serve.",Global,weight_gain,939,43.1,49.5,80.2,https://tse2.mm.bing.net/th?q=Tofu%20%26%20Asparagus%20Salad%20food&w=400&h=400&c=7
44,Black Bean with Quinoa & Carrots,"black beans, quinoa, carrots, broccoli, soy sauce, ginger, honey","Prepare the black beans. Cook quinoa as appropriate. Combine with carrots, broccoli and soy sauce, ginger, honey. Season to taste and serve.",Middle Eastern,weight_loss,635,43.7,8.5,95.9,https://tse2.mm.bing.net/th?q=Black%20Bean%20with%20Quinoa%20%26%20Carrots%20food&w=400&h=400&c=7
45,Tofu with Rolled oats & Bell pepper,"tofu, rolled oats, bell pepper, avocado",Prepare the tofu. Cook rolled oats as appropriate. Combine with bell pepper and avocado. Season to taste and serve.,Italian,weight_gain,1002,37.8,47.3,106.2,https://tse2.mm.bing.net/th?q=Tofu%20with%20Rolled%20oats%20%26%20Bell%20pepper%20food&w=400&h=400&c=7
46,Turkey & Broccoli Salad,"turkey mince, broccoli, mixed salad greens, avocado, nuts, olive oil","Prepare the turkey mince. Cook broccoli as appropriate. Combine with broccoli, mixed salad greens and avocado, nuts, olive oil. Season to taste and serve.",Middle Eastern,weight_gain,1118,52.5,71.5,66.1,https://tse2.mm.bing.net/th?q=Turkey%20%26%20Broccoli%20Salad%20food&w=400&h=400&c=7
47,Black Bean & Carrots Salad,"black beans, carrots, soy sauce",Prepare the black beans. Cook carrots as appropriate. Combine with carrots and soy sauce. Season to taste and serve.,Italian,weight_gain,458,27.3,9.9,64.9,https://tse2.mm.bing.net/th?q=Black%20Bean%20%26%20Carrots%20Salad%20food&w=400&h=400&c=7
48,Tofu & Broccoli Salad,"tofu, broccoli, berries, honey","Prepare the tofu. Cook broccoli as appropriate. Combine with broccoli and berries, honey. Season to taste and serve.",American,weight_loss,420,32.5,12.3,44.9,https://tse2.mm.bing.net/th?q=Tofu%20%26%20Broccoli%20Salad%20food&w=400&h=400&c=7
49,Tuna with Quinoa & Asparagus,"tuna steak, quinoa, asparagus, kale, soy sauce, avocado","Prepare the tuna steak. Cook quinoa as appropriate. Combine with asparagus, kale and soy sauce, avocado. Season to taste and serve.",Indian,maintenance,765,46,33,71,https://tse2.mm.bing.net/th?q=Tuna%20with%20Quinoa%20%26%20Asparagus%20food&w=400&h=400&c=7
50,Oat with Rolled oats & Broccoli,"oats, rolled oats, broccoli, ginger",Prepare the oats. Cook rolled oats as appropriate. Combine with broccoli and ginger. Season to taste and serve.,American,maintenance,519,16,11,89,https://tse2.mm.bing.net/th?q=Oat%20with%20Rolled%20oats%20%26%20Broccoli%20food&w=400&h=400&c=7
51,Oat with Quinoa & Zucchini,"oats, quinoa, zucchini, mixed salad greens, garlic, berries","Prepare the oats. Cook quinoa as appropriate. Combine with zucchini, mixed salad greens and garlic, berries. Season to taste and serve.",Mediterranean,maintenance,741,22,17,125,https://tse2.mm.bing.net/th?q=Oat%20with%20Quinoa%20%26%20Zucchini%20food&w=400&h=400&c=7
52,Quinoa with Whole wheat pasta & Mixed salad greens,"quinoa, whole wheat pasta, mixed salad greens, bell pepper, asparagus, lemon","Prepare the quinoa. Cook whole wheat pasta as appropriate. Combine with mixed salad greens, bell pepper, asparagus and lemon. Season to taste and serve.",Mexican,weight_loss,619,26.9,9.5,106.5,https://tse2.mm.bing.net/th?q=Quinoa%20with%20Whole%20wheat%20pasta%20%26%20Mixed%20salad%20greens%20food&w=400&h=400&c=7
53,Chicken with Sweet potato & Asparagus,"chicken breast, sweet potato, asparagus, broccoli, zucchini, sesame oil, olive oil, avocado","Prepare the chicken breast. Cook sweet potato as appropriate. Combine with asparagus, broccoli, zucchini and sesame oil, olive oil, avocado. Season to taste and serve.",Global,weight_gain,1162,48.3,70.4,83.8,https://tse2.mm.bing.net/th?q=Chicken%20with%20Sweet%20potato%20%26%20Asparagus%20food&w=400&h=400&c=7
54,Lentil with Potato & Zucchini,"lentils, potato, zucchini, carrots, mixed salad greens, nuts, avocado","Prepare the lentils. Cook potato as appropriate. Combine with zucchini, carrots, mixed salad greens and nuts, avocado. Season to taste and serve.",Indian,weight_gain,1122,39.9,45.1,139.2,https://tse2.mm.bing.net/th?q=Lentil%20with%20Potato%20%26%20Zucchini%20food&w=400&h=400&c=7
55,Chickpea with Sweet potato & Mixed salad greens,"chickpeas, sweet potato, mixed salad greens, kale, broccoli, sesame oil, garlic","Prepare the chickpeas. Cook sweet potato as appropriate. Combine with mixed salad greens, kale, broccoli and sesame oil, garlic. Season to taste and serve.",Global,weight_loss,765,33.6,26.6,97.7,https://tse2.mm.bing.net/th?q=Chickpea%20with%20Sweet%20potato%20%26%20Mixed%20salad%20greens%20food&w=400&h=400&c=7
56,Quinoa & Broccoli Salad,"quinoa, broccoli, zucchini, lemon","Prepare the quinoa. Cook broccoli as appropriate. Combine with broccoli, zucchini and lemon. Season to taste and serve.",Mexican,maintenance,462,21,10,72,https://tse2.mm.bing.net/th?q=Quinoa%20%26%20Broccoli%20Salad%20food&w=400&h=400&c=7
57,Oat & Broccoli Salad,"oats, broccoli, carrots, ginger, avocado","Prepare the oats. Cook broccoli as appropriate. Combine with broccoli, carrots and ginger, avocado. Season to taste and serve.",Mexican,weight_gain,931,22.1,39.6,121.5,https://tse2.mm.bing.net/th?q=Oat%20%26%20Broccoli%20Salad%20food&w=400&h=400&c=7
58,Black Bean with Rolled oats & Asparagus,"black beans, rolled oats, asparagus, kale, carrots, soy sauce, honey","Prepare the black beans. Cook rolled oats as appropriate. Combine with asparagus, kale, carrots and soy sauce, honey. Season to taste and serve.",Indian,weight_loss,681,33.6,14.2,104.7,https://tse2.mm.bing.net/th?q=Black%20Bean%20with%20Rolled%20oats%20%26%20Asparagus%20food&w=400&h=400&c=7
59,Black Bean & Kale Salad,"black beans, kale, spinach, mixed salad greens, nuts, soy sauce, berries","Prepare the black beans. Cook kale as appropriate. Combine with kale, spinach, mixed salad greens and nuts, soy sauce, berries. Season to taste and serve.",Indian,maintenance,663,35,23,79,https://tse2.mm.bing.net/th?q=Black%20Bean%20%26%20Kale%20Salad%20food&w=400&h=400&c=7
60,Tofu with Rolled oats & Kale,"tofu, rolled oats, kale, carrots, broccoli, chia seeds","Prepare the tofu. Cook rolled oats as appropriate. Combine with kale, carrots, broccoli and chia seeds. Season to taste and serve.",Indian,weight_loss,710,43.7,24.7,78.3,https://tse2.mm.bing.net/th?q=Tofu%20with%20Rolled%20oats%20%26%20Kale%20food&w=400&h=400&c=7
61,Quinoa with Sweet potato & Asparagus,"quinoa, sweet potato, asparagus, spinach, soy sauce","Prepare the quinoa. Cook sweet potato as appropriate. Combine with asparagus, spinach and soy sauce. Season to taste and serve.",Global,weight_loss,585,23.5,12.3,95,https://tse2.mm.bing.net/th?q=Quinoa%20with%20Sweet%20potato%20%26%20Asparagus%20food&w=400&h=400&c=7
62,Salmon with Rolled oats & Kale,"salmon fillet, rolled oats, kale, honey",Prepare the salmon fillet. Cook rolled oats as appropriate. Combine with kale and honey. Season to taste and serve.,Indian,weight_loss,734,44.8,25.6,81,https://tse2.mm.bing.net/th?q=Salmon%20with%20Rolled%20oats%20%26%20Kale%20food&w=400&h=400&c=7
63,Black Bean with Sweet potato & Mixed salad greens,"black beans, sweet potato, mixed salad greens, kale, berries, olive oil, honey","Prepare the black beans. Cook sweet potato as appropriate. Combine with mixed salad greens, kale and berries, olive oil, honey. Season to taste and serve.",Mediterranean,maintenance,773,27,21,119,https://tse2.mm.bing.net/th?q=Black%20Bean%20with%20Sweet%20potato%20%26%20Mixed%20salad%20greens%20food&w=400&h=400&c=7
64,Oat with Quinoa & Spinach,"oats, quinoa, spinach, olive oil",Prepare the oats. Cook quinoa as appropriate. Combine with spinach and olive oil. Season to taste and serve.,Italian,weight_gain,953,29.4,34.1,132.2,https://tse2.mm.bing.net/th?q=Oat%20with%20Quinoa%20%26%20Spinach%20food&w=400&h=400&c=7
65,Turkey with Whole wheat pasta & Carrots,"turkey mince, whole wheat pasta, carrots, broccoli, asparagus, soy sauce","Prepare the turkey mince. Cook whole wheat pasta as appropriate. Combine with carrots, broccoli, asparagus and soy sauce. Season to taste and serve.",Mexican,weight_gain,665,53.6,15.4,77.9,https://tse2.mm.bing.net/th?q=Turkey%20with%20Whole%20wheat%20pasta%20%26%20Carrots%20food&w=400&h=400&c=7
66,Tuna & Broccoli Salad,"tuna steak, broccoli, honey",Prepare the tuna steak. Cook broccoli as appropriate. Combine with broccoli and honey. Season to taste and serve.,Indian,maintenance,411,40,11,38,https://tse2.mm.bing.net/th?q=Tuna%20%26%20Broccoli%20Salad%20food&w=400&h=400&c=7
67,Chickpea with Rolled oats & Zucchini,"chickpeas, rolled oats, zucchini, carrots, nuts, honey, lemon","Prepare the chickpeas. Cook rolled oats as appropriate. Combine with zucchini, carrots and nuts, honey, lemon. Season to taste and serve.",American,maintenance,971,35,31,138,https://tse2.mm.bing.net/th?q=Chickpea%20with%20Rolled%20oats%20%26%20Zucchini%20food&w=400&h=400&c=7
68,Turkey & Broccoli Salad,"turkey mince, broccoli, mixed salad greens, asparagus, berries, olive oil","Prepare the turkey mince. Cook broccoli as appropriate. Combine with broccoli, mixed salad greens, asparagus and berries, olive oil. Season to taste and serve.",Asian,weight_gain,627,45.1,29.7,44.8,https://tse2.mm.bing.net/th?q=Turkey%20%26%20Broccoli%20Salad%20food&w=400&h=400&c=7
69,Quinoa with Sweet potato & Carrots,"quinoa, sweet potato, carrots, avocado, sesame oil","Prepare the quinoa. Cook sweet potato as appropriate. Combine with carrots and avocado, sesame oil. Season to taste and serve.",Middle Eastern,maintenance,975,23,47,115,https://tse2.mm.bing.net/th?q=Quinoa%20with%20Sweet%20potato%20%26%20Carrots%20food&w=400&h=400&c=7
70,Tuna with Sweet potato & Broccoli,"tuna steak, sweet potato, broccoli, bell pepper, carrots, soy sauce, sesame oil","Prepare the tuna steak. Cook sweet potato as appropriate. Combine with broccoli, bell pepper, carrots and soy sauce, sesame oil. Season to taste and serve.",Mediterranean,weight_gain,765,53.6,19.8,93.2,https://tse2.mm.bing.net/th?q=Tuna%20with%20Sweet%20potato%20%26%20Broccoli%20food&w=400&h=400&c=7
71,Chickpea with Quinoa & Asparagus,"chickpeas, quinoa, asparagus, zucchini, bell pepper, nuts, olive oil, ginger","Prepare the chickpeas. Cook quinoa as appropriate. Combine with asparagus, zucchini, bell pepper and nuts, olive oil, ginger. Season to taste and serve.",Indian,weight_gain,1231,38.9,55,145.1,https://tse2.mm.bing.net/th?q=Chickpea%20with%20Quinoa%20%26%20Asparagus%20food&w=400&h=400&c=7
72,Salmon with Rolled oats & Bell pepper,"salmon fillet, rolled oats, bell pepper, asparagus, spinach, chia seeds, olive oil","Prepare the salmon fillet. Cook rolled oats as appropriate. Combine with bell pepper, asparagus, spinach and chia seeds, olive oil. Season to taste and serve.",Italian,maintenance,986,41,50,93,https://tse2.mm.bing.net/th?q=Salmon%20with%20Rolled%20oats%20%26%20Bell%20pepper%20food&w=400&h=400&c=7
73,Oat & Zucchini Salad,"oats, zucchini, carrots, soy sauce, avocado, nuts","Prepare the oats. Cook zucchini as appropriate. Combine with zucchini, carrots and soy sauce, avocado, nuts. Season to taste and serve.",Global,weight_gain,1054,30.5,51.7,116.8,https://tse2.mm.bing.net/th?q=Oat%20%26%20Zucchini%20Salad%20food&w=400&h=400&c=7
74,Turkey & Kale Salad,"turkey mince, kale, mixed salad greens, broccoli, honey, avocado","Prepare the turkey mince. Cook kale as appropriate. Combine with kale, mixed salad greens, broccoli and honey, avocado. Season to taste and serve.",Middle Eastern,weight_gain,765,39.9,36.3,69.6,https://tse2.mm.bing.net/th?q=Turkey%20%26%20Kale%20Salad%20food&w=400&h=400&c=7
75,Quinoa with Rolled oats & Kale,"quinoa, rolled oats, kale, bell pepper, nuts, sesame oil, yogurt","Prepare the quinoa. Cook rolled oats as appropriate. Combine with kale, bell pepper and nuts, sesame oil, yogurt. Season to taste and serve.",Italian,weight_gain,1304,42,53.9,162.8,https://tse2.mm.bing.net/th?q=Quinoa%20with%20Rolled%20oats%20%26%20Kale%20food&w=400&h=400&c=7
76,Quinoa with Sweet potato & Asparagus,"quinoa, sweet potato, asparagus, nuts, yogurt, avocado","Prepare the quinoa. Cook sweet potato as appropriate. Combine with asparagus and nuts, yogurt, avocado. Season to taste and serve.",Italian,maintenance,1097,36,53,119,https://tse2.mm.bing.net/th?q=Quinoa%20with%20Sweet%20potato%20%26%20Asparagus%20food&w=400&h=400&c=7
77,Tofu with Potato & Spinach,"tofu, potato, spinach, mixed salad greens, lemon, chia seeds","Prepare the tofu. Cook potato as appropriate. Combine with spinach, mixed salad greens and lemon, chia seeds. Season to taste and serve.",Global,weight_loss,617,35.8,19,75.7,https://tse2.mm.bing.net/th?q=Tofu%20with%20Potato%20%26%20Spinach%20food&w=400&h=400&c=7
78,Tuna with Rolled oats & Spinach,"tuna steak, rolled oats, spinach, mixed salad greens, banana, chia seeds","Prepare the tuna steak. Cook rolled oats as appropriate. Combine with spinach, mixed salad greens and banana, chia seeds. Season to taste and serve.",Italian,maintenance,850,56,18,116,https://tse2.mm.bing.net/th?q=Tuna%20with%20Rolled%20oats%20%26%20Spinach%20food&w=400&h=400&c=7
79,Turkey with Whole wheat pasta & Spinach,"turkey mince, whole wheat pasta, spinach, lemon, banana","Prepare the turkey mince. Cook whole wheat pasta as appropriate. Combine with spinach and lemon, banana. Season to taste and serve.",Mediterranean,weight_gain,713,48.3,12.1,102.7,https://tse2.mm.bing.net/th?q=Turkey%20with%20Whole%20wheat%20pasta%20%26%20Spinach%20food&w=400&h=400&c=7
80,Eggs & Asparagus Salad,"eggs, asparagus, kale, garlic, ginger","Prepare the eggs. Cook asparagus as appropriate. Combine with asparagus, kale and garlic, ginger. Season to taste and serve.",Italian,maintenance,263,17,15,15,https://tse2.mm.bing.net/th?q=Eggs%20%26%20Asparagus%20Salad%20food&w=400&h=400&c=7
81,Quinoa & Bell pepper Salad,"quinoa, bell pepper, carrots, zucchini, ginger","Prepare the quinoa. Cook bell pepper as appropriate. Combine with bell pepper, carrots, zucchini and ginger. Season to taste and serve.",Global,maintenance,403,19,11,57,https://tse2.mm.bing.net/th?q=Quinoa%20%26%20Bell%20pepper%20Salad%20food&w=400&h=400&c=7
82,Chickpea & Kale Salad,"chickpeas, kale, broccoli, bell pepper, berries, soy sauce","Prepare the chickpeas. Cook kale as appropriate. Combine with kale, broccoli, bell pepper and berries, soy sauce. Season to taste and serve.",Italian,maintenance,597,32,13,88,https://tse2.mm.bing.net/th?q=Chickpea%20%26%20Kale%20Salad%20food&w=400&h=400&c=7
83,Lentil & Bell pepper Salad,"lentils, bell pepper, berries, sesame oil","Prepare the lentils. Cook bell pepper as appropriate. Combine with bell pepper and berries, sesame oil. Season to taste and serve.",Indian,weight_loss,564,32.5,20.9,61.6,https://tse2.mm.bing.net/th?q=Lentil%20%26%20Bell%20pepper%20Salad%20food&w=400&h=400&c=7
84,Quinoa & Broccoli Salad,"quinoa, broccoli, zucchini, asparagus, soy sauce, ginger","Prepare the quinoa. Cook broccoli as appropriate. Combine with broccoli, zucchini, asparagus and soy sauce, ginger. Season to taste and serve.",Middle Eastern,weight_loss,397,21.3,10.4,54.6,https://tse2.mm.bing.net/th?q=Quinoa%20%26%20Broccoli%20Salad%20food&w=400&h=400&c=7
85,Oat with Rolled oats & Broccoli,"oats, rolled oats, broccoli, kale, bell pepper, berries","Prepare the oats. Cook rolled oats as appropriate. Combine with broccoli, kale, bell pepper and berries. Season to taste and serve.",Middle Eastern,maintenance,589,16,13,102,https://tse2.mm.bing.net/th?q=Oat%20with%20Rolled%20oats%20%26%20Broccoli%20food&w=400&h=400&c=7
86,Lentil with Quinoa & Asparagus,"lentils, quinoa, asparagus, zucchini, mixed salad greens, garlic, soy sauce","Prepare the lentils. Cook quinoa as appropriate. Combine with asparagus, zucchini, mixed salad greens and garlic, soy sauce. Season to taste and serve.",Global,weight_loss,626,41.4,8.5,95.9,https://tse2.mm.bing.net/th?q=Lentil%20with%20Quinoa%20%26%20Asparagus%20food&w=400&h=400&c=7
87,Salmon with Quinoa & Mixed salad greens,"salmon fillet, quinoa, mixed salad greens, carrots, zucchini, lemon, avocado","Prepare the salmon fillet. Cook quinoa as appropriate. Combine with mixed salad greens, carrots, zucchini and lemon, avocado. Season to taste and serve.",American,weight_gain,979,39.9,50.6,90.9,https://tse2.mm.bing.net/th?q=Salmon%20with%20Quinoa%20%26%20Mixed%20salad%20greens%20food&w=400&h=400&c=7
88,Oat & Mixed salad greens Salad,"oats, mixed salad greens, carrots, sesame oil, lemon, banana","Prepare the oats. Cook mixed salad greens as appropriate. Combine with mixed salad greens, carrots and sesame oil, lemon, banana. Season to taste and serve.",Mexican,weight_gain,857,21,30.8,123.9,https://tse2.mm.bing.net/th?q=Oat%20%26%20Mixed%20salad%20greens%20Salad%20food&w=400&h=400&c=7
89,Oat with Sweet potato & Zucchini,"oats, sweet potato, zucchini, asparagus, bell pepper, garlic","Prepare the oats. Cook sweet potato as appropriate. Combine with zucchini, asparagus, bell pepper and garlic. Season to taste and serve.",American,maintenance,676,19,16,114,https://tse2.mm.bing.net/th?q=Oat%20with%20Sweet%20potato%20%26%20Zucchini%20food&w=400&h=400&c=7
90,Salmon with Potato & Mixed salad greens,"salmon fillet, potato, mixed salad greens, sesame oil, banana","Prepare the salmon fillet. Cook potato as appropriate. Combine with mixed salad greens and sesame oil, banana. Season to taste and serve.",Italian,maintenance,794,37,30,94,https://tse2.mm.bing.net/th?q=Salmon%20with%20Potato%20%26%20Mixed%20salad%20greens%20food&w=400&h=400&c=7
91,Quinoa with Whole wheat pasta & Asparagus,"quinoa, whole wheat pasta, asparagus, nuts",Prepare the quinoa. Cook whole wheat pasta as appropriate. Combine with asparagus and nuts. Season to taste and serve.,Global,maintenance,838,25,30,117,https://tse2.mm.bing.net/th?q=Quinoa%20with%20Whole%20wheat%20pasta%20%26%20Asparagus%20food&w=400&h=400&c=7
92,Oat with Sweet potato & Bell pepper,"oats, sweet potato, bell pepper, broccoli, lemon, banana","Prepare the oats. Cook sweet potato as appropriate. Combine with bell pepper, broccoli and lemon, banana. Season to taste and serve.",Mexican,maintenance,773,19,9,154,https://tse2.mm.bing.net/th?q=Oat%20with%20Sweet%20potato%20%26%20Bell%20pepper%20food&w=400&h=400&c=7
93,Turkey & Bell pepper Salad,"turkey mince, bell pepper, broccoli, zucchini, berries","Prepare the turkey mince. Cook bell pepper as appropriate. Combine with bell pepper, broccoli, zucchini and berries. Season to taste and serve.",Mexican,maintenance,442,39,14,40,https://tse2.mm.bing.net/th?q=Turkey%20%26%20Bell%20pepper%20Salad%20food&w=400&h=400&c=7
94,Quinoa with Quinoa & Zucchini,"quinoa, quinoa, zucchini, lemon",Prepare the quinoa. Cook quinoa as appropriate. Combine with zucchini and lemon. Season to taste and serve.,American,weight_loss,400,17.9,9.5,60.7,https://tse2.mm.bing.net/th?q=Quinoa%20with%20Quinoa%20%26%20Zucchini%20food&w=400&h=400&c=7
95,Eggs with Whole wheat pasta & Kale,"eggs, whole wheat pasta, kale, avocado, chia seeds, lemon","Prepare the eggs. Cook whole wheat pasta as appropriate. Combine with kale and avocado, chia seeds, lemon. Season to taste and serve.",Mediterranean,weight_gain,1022,35.7,48.4,110.9,https://tse2.mm.bing.net/th?q=Eggs%20with%20Whole%20wheat%20pasta%20%26%20Kale%20food&w=400&h=400&c=7
96,Black Bean with Potato & Zucchini,"black beans, potato, zucchini, banana, olive oil","Prepare the black beans. Cook potato as appropriate. Combine with zucchini and banana, olive oil. Season to taste and serve.",American,maintenance,768,29,24,109,https://tse2.mm.bing.net/th?q=Black%20Bean%20with%20Potato%20%26%20Zucchini%20food&w=400&h=400&c=7
97,Chickpea & Spinach Salad,"chickpeas, spinach, broccoli, berries, garlic","Prepare the chickpeas. Cook spinach as appropriate. Combine with spinach, broccoli and berries, garlic. Season to taste and serve.",Mediterranean,weight_loss,588,37,13.3,80.1,https://tse2.mm.bing.net/th?q=Chickpea%20%26%20Spinach%20Salad%20food&w=400&h=400&c=7
98,Quinoa with Sweet potato & Mixed salad greens,"quinoa, sweet potato, mixed salad greens, broccoli, asparagus, banana","Prepare the quinoa. Cook sweet potato as appropriate. Combine with mixed salad greens, broccoli, asparagus and banana. Season to taste and serve.",Mexican,weight_gain,858,24.2,14.3,158.1,https://tse2.mm.bing.net/th?q=Quinoa%20with%20Sweet%20potato%20%26%20Mixed%20salad%20greens%20food&w=400&h=400&c=7
99,Chickpea with Rolled oats & Asparagus,"chickpeas, rolled oats, asparagus, sesame oil, banana","Prepare the chickpeas. Cook rolled oats as appropriate. Combine with asparagus and sesame oil, banana. Season to taste and serve.",Indian,weight_gain,1144,29.4,39.6,167.6,https://tse2.mm.bing.net/th?q=Chickpea%20with%20Rolled%20oats%20%26%20Asparagus%20food&w=400&h=400&c=7
100,Salmon & Mixed salad greens Salad,"salmon fillet, mixed salad greens, yogurt",Prepare the salmon fillet. Cook mixed salad greens as appropriate. Combine with mixed salad greens and yogurt. Season to taste and serve.,Middle Eastern,weight_gain,554,46.2,25.3,35.4,https://tse2.mm.bing.net/th?q=Salmon%20%26%20Mixed%20salad%20greens%20Salad%20food&w=400&h=400&c=7
101,Lentil with Rolled oats & Broccoli,"lentils, rolled oats, broccoli, kale, soy sauce, sesame oil, lemon","Prepare the lentils. Cook rolled oats as appropriate. Combine with broccoli, kale and soy sauce, sesame oil, lemon. Season to taste and serve.",Mexican,weight_loss,865,38.1,27.5,116.2,https://tse2.mm.bing.net/th?q=Lentil%20with%20Rolled%20oats%20%26%20Broccoli%20food&w=400&h=400&c=7
102,Eggs with Whole wheat pasta & Bell pepper,"eggs, whole wheat pasta, bell pepper, mixed salad greens, carrots, honey, berries, yogurt","Prepare the eggs. Cook whole wheat pasta as appropriate. Combine with bell pepper, mixed salad greens, carrots and honey, berries, yogurt. Season to taste and serve.",American,maintenance,762,39,18,111,https://tse2.mm.bing.net/th?q=Eggs%20with%20Whole%20wheat%20pasta%20%26%20Bell%20pepper%20food&w=400&h=400&c=7
103,Tuna & Asparagus Salad,"tuna steak, asparagus, kale, garlic","Prepare the tuna steak. Cook asparagus as appropriate. Combine with asparagus, kale and garlic. Season to taste and serve.",Asian,weight_loss,240,39.2,3.8,12.3,https://tse2.mm.bing.net/th?q=Tuna%20%26%20Asparagus%20Salad%20food&w=400&h=400&c=7
104,Black Bean with Sweet potato & Asparagus,"black beans, sweet potato, asparagus, spinach, soy sauce, yogurt","Prepare the black beans. Cook sweet potato as appropriate. Combine with asparagus, spinach and soy sauce, yogurt. Season to taste and serve.",Middle Eastern,maintenance,615,38,7,100,https://tse2.mm.bing.net/th?q=Black%20Bean%20with%20Sweet%20potato%20%26%20Asparagus%20food&w=400&h=400&c=7
105,Tofu & Spinach Salad,"tofu, spinach, nuts, banana","Prepare the tofu. Cook spinach as appropriate. Combine with spinach and nuts, banana. Season to taste and serve.",Italian,weight_gain,757,36.8,36.3,70.8,https://tse2.mm.bing.net/th?q=Tofu%20%26%20Spinach%20Salad%20food&w=400&h=400&c=7
106,Turkey & Asparagus Salad,"turkey mince, asparagus, lemon, soy sauce","Prepare the turkey mince. Cook asparagus as appropriate. Combine with asparagus and lemon, soy sauce. Season to taste and serve.",Global,weight_gain,339,38.9,9.9,23.6,https://tse2.mm.bing.net/th?q=Turkey%20%26%20Asparagus%20Salad%20food&w=400&h=400&c=7
107,Lentil & Broccoli Salad,"lentils, broccoli, soy sauce",Prepare the lentils. Cook broccoli as appropriate. Combine with broccoli and soy sauce. Season to taste and serve.,Mexican,maintenance,449,30,9,62,https://tse2.mm.bing.net/th?q=Lentil%20%26%20Broccoli%20Salad%20food&w=400&h=400&c=7
108,Chicken with Sweet potato & Kale,"chicken breast, sweet potato, kale, chia seeds, yogurt","Prepare the chicken breast. Cook sweet potato as appropriate. Combine with kale and chia seeds, yogurt. Season to taste and serve.",Mexican,maintenance,745,54,21,85,https://tse2.mm.bing.net/th?q=Chicken%20with%20Sweet%20potato%20%26%20Kale%20food&w=400&h=400&c=7
109,Chicken with Sweet potato & Asparagus,"chicken breast, sweet potato, asparagus, avocado, berries, honey","Prepare the chicken breast. Cook sweet potato as appropriate. Combine with asparagus and avocado, berries, honey. Season to taste and serve.",Italian,weight_gain,948,47.2,31.9,118,https://tse2.mm.bing.net/th?q=Chicken%20with%20Sweet%20potato%20%26%20Asparagus%20food&w=400&h=400&c=7
110,Tofu & Carrots Salad,"tofu, carrots, mixed salad greens, asparagus, lemon, avocado","Prepare the tofu. Cook carrots as appropriate. Combine with carrots, mixed salad greens, asparagus and lemon, avocado. Season to taste and serve.",Mediterranean,weight_gain,633,29.4,35.2,49.6,https://tse2.mm.bing.net/th?q=Tofu%20%26%20Carrots%20Salad%20food&w=400&h=400&c=7
111,Tuna & Asparagus Salad,"tuna steak, asparagus, lemon",Prepare the tuna steak. Cook asparagus as appropriate. Combine with asparagus and lemon. Season to taste and serve.,Mediterranean,weight_loss,303,42.6,8.5,14.1,https://tse2.mm.bing.net/th?q=Tuna%20%26%20Asparagus%20Salad%20food&w=400&h=400&c=7
112,Turkey with Whole wheat pasta & Kale,"turkey mince, whole wheat pasta, kale, garlic, banana, lemon","Prepare the turkey mince. Cook whole wheat pasta as appropriate. Combine with kale and garlic, banana, lemon. Season to taste and serve.",Asian,maintenance,746,46,18,100,https://tse2.mm.bing.net/th?q=Turkey%20with%20Whole%20wheat%20pasta%20%26%20Kale%20food&w=400&h=400&c=7
113,Quinoa with Potato & Asparagus,"quinoa, potato, asparagus, mixed salad greens, carrots, garlic, nuts","Prepare the quinoa. Cook potato as appropriate. Combine with asparagus, mixed salad greens, carrots and garlic, nuts. Season to taste and serve.",Mediterranean,weight_gain,919,27.3,29.7,135.7,https://tse2.mm.bing.net/th?q=Quinoa%20with%20Potato%20%26%20Asparagus%20food&w=400&h=400&c=7
114,Chicken with Brown rice & Carrots,"chicken breast, brown rice, carrots, bell pepper, olive oil","Prepare the chicken breast. Cook brown rice as appropriate. Combine with carrots, bell pepper and olive oil. Season to taste and serve.",Middle Eastern,weight_loss,693,41.4,28.5,67.8,https://tse2.mm.bing.net/th?q=Chicken%20with%20Brown%20rice%20%26%20Carrots%20food&w=400&h=400&c=7
115,Quinoa with Rolled oats & Carrots,"quinoa, rolled oats, carrots, banana, ginger, sesame oil","Prepare the quinoa. Cook rolled oats as appropriate. Combine with carrots and banana, ginger, sesame oil. Season to taste and serve.",Global,weight_gain,1063,19.9,37.4,161.7,https://tse2.mm.bing.net/th?q=Quinoa%20with%20Rolled%20oats%20%26%20Carrots%20food&w=400&h=400&c=7
116,Eggs & Kale Salad,"eggs, kale, ginger",Prepare the eggs. Cook kale as appropriate. Combine with kale and ginger. Season to taste and serve.,Global,weight_gain,363,17.9,19.8,28.3,https://tse2.mm.bing.net/th?q=Eggs%20%26%20Kale%20Salad%20food&w=400&h=400&c=7
117,Tuna with Whole wheat pasta & Broccoli,"tuna steak, whole wheat pasta, broccoli, mixed salad greens, asparagus, sesame oil, lemon, honey","Prepare the tuna steak. Cook whole wheat pasta as appropriate. Combine with broccoli, mixed salad greens, asparagus and sesame oil, lemon, honey. Season to taste and serve.",Mediterranean,weight_loss,724,53.8,20.9,80.1,https://tse2.mm.bing.net/th?q=Tuna%20with%20Whole%20wheat%20pasta%20%26%20Broccoli%20food&w=400&h=400&c=7
118,Salmon with Quinoa & Zucchini,"salmon fillet, quinoa, zucchini, asparagus, banana, avocado, garlic","Prepare the salmon fillet. Cook quinoa as appropriate. Combine with zucchini, asparagus and banana, avocado, garlic. Season to taste and serve.",Mediterranean,weight_gain,1060,45.1,48.4,110.9,https://tse2.mm.bing.net/th?q=Salmon%20with%20Quinoa%20%26%20Zucchini%20food&w=400&h=400&c=7
119,Oat & Spinach Salad,"oats, spinach, asparagus, mixed salad greens, chia seeds, sesame oil","Prepare the oats. Cook spinach as appropriate. Combine with spinach, asparagus, mixed salad greens and chia seeds, sesame oil. Season to taste and serve.",American,weight_gain,879,21,37.4,114.5,https://tse2.mm.bing.net/th?q=Oat%20%26%20Spinach%20Salad%20food&w=400&h=400&c=7
120,Chickpea with Quinoa & Spinach,"chickpeas, quinoa, spinach, honey, lemon","Prepare the chickpeas. Cook quinoa as appropriate. Combine with spinach and honey, lemon. Season to taste and serve.",American,maintenance,779,31,19,121,https://tse2.mm.bing.net/th?q=Chickpea%20with%20Quinoa%20%26%20Spinach%20food&w=400&h=400&c=7
121,Tofu with Rolled oats & Kale,"tofu, rolled oats, kale, asparagus, bell pepper, avocado","Prepare the tofu. Cook rolled oats as appropriate. Combine with kale, asparagus, bell pepper and avocado. Season to taste and serve.",Middle Eastern,weight_loss,862,37,41.8,84.5,https://tse2.mm.bing.net/th?q=Tofu%20with%20Rolled%20oats%20%26%20Kale%20food&w=400&h=400&c=7
122,Black Bean with Sweet potato & Asparagus,"black beans, sweet potato, asparagus, berries, nuts, yogurt","Prepare the black beans. Cook sweet potato as appropriate. Combine with asparagus and berries, nuts, yogurt. Season to taste and serve.",Indian,weight_gain,979,47.2,27.5,135.7,https://tse2.mm.bing.net/th?q=Black%20Bean%20with%20Sweet%20potato%20%26%20Asparagus%20food&w=400&h=400&c=7
123,Quinoa with Whole wheat pasta & Carrots,"quinoa, whole wheat pasta, carrots, chia seeds, lemon","Prepare the quinoa. Cook whole wheat pasta as appropriate. Combine with carrots and chia seeds, lemon. Season to taste and serve.",Mediterranean,weight_loss,709,26.9,19.9,105.6,https://tse2.mm.bing.net/th?q=Quinoa%20with%20Whole%20wheat%20pasta%20%26%20Carrots%20food&w=400&h=400&c=7
124,Black Bean with Sweet potato & Bell pepper,"black beans, sweet potato, bell pepper, sesame oil, olive oil","Prepare the black beans. Cook sweet potato as appropriate. Combine with bell pepper and sesame oil, olive oil. Season to taste and serve.",Italian,weight_loss,779,34.7,35.1,81,https://tse2.mm.bing.net/th?q=Black%20Bean%20with%20Sweet%20potato%20%26%20Bell%20pepper%20food&w=400&h=400&c=7
125,Lentil & Bell pepper Salad,"lentils, bell pepper, broccoli, lemon, yogurt","Prepare the lentils. Cook bell pepper as appropriate. Combine with bell pepper, broccoli and lemon, yogurt. Season to taste and serve.",Middle Eastern,weight_loss,576,43.7,13.3,70.4,https://tse2.mm.bing.net/th?q=Lentil%20%26%20Bell%20pepper%20Salad%20food&w=400&h=400&c=7
126,Chickpea with Brown rice & Broccoli,"chickpeas, brown rice, broccoli, ginger, garlic","Prepare the chickpeas. Cook brown rice as appropriate. Combine with broccoli and ginger, garlic. Season to taste and serve.",Italian,weight_loss,653,32.5,12.3,103,https://tse2.mm.bing.net/th?q=Chickpea%20with%20Brown%20rice%20%26%20Broccoli%20food&w=400&h=400&c=7
127,Salmon with Sweet potato & Carrots,"salmon fillet, sweet potato, carrots, broccoli, mixed salad greens, berries, chia seeds","Prepare the salmon fillet. Cook sweet potato as appropriate. Combine with carrots, broccoli, mixed salad greens and berries, chia seeds. Season to taste and serve.",American,weight_gain,884,42,29.7,112.1,https://tse2.mm.bing.net/th?q=Salmon%20with%20Sweet%20potato%20%26%20Carrots%20food&w=400&h=400&c=7
128,Chicken with Quinoa & Mixed salad greens,"chicken breast, quinoa, mixed salad greens, spinach, asparagus, lemon, chia seeds, sesame oil","Prepare the chicken breast. Cook quinoa as appropriate. Combine with mixed salad greens, spinach, asparagus and lemon, chia seeds, sesame oil. Season to taste and serve.",Mediterranean,weight_gain,965,57.8,38.5,96.8,https://tse2.mm.bing.net/th?q=Chicken%20with%20Quinoa%20%26%20Mixed%20salad%20greens%20food&w=400&h=400&c=7
129,Chickpea with Sweet potato & Zucchini,"chickpeas, sweet potato, zucchini, asparagus, sesame oil","Prepare the chickpeas. Cook sweet potato as appropriate. Combine with zucchini, asparagus and sesame oil. Season to taste and serve.",Mediterranean,weight_loss,687,25.8,26.6,86.2,https://tse2.mm.bing.net/th?q=Chickpea%20with%20Sweet%20potato%20%26%20Zucchini%20food&w=400&h=400&c=7
130,Chicken with Whole wheat pasta & Kale,"chicken breast, whole wheat pasta, kale, mixed salad greens, asparagus, yogurt, nuts","Prepare the chicken breast. Cook whole wheat pasta as appropriate. Combine with kale, mixed salad greens, asparagus and yogurt, nuts. Season to taste and serve.",Asian,maintenance,858,62,30,85,https://tse2.mm.bing.net/th?q=Chicken%20with%20Whole%20wheat%20pasta%20%26%20Kale%20food&w=400&h=400&c=7
131,Turkey with Quinoa & Asparagus,"turkey mince, quinoa, asparagus, chia seeds, avocado","Prepare the turkey mince. Cook quinoa as appropriate. Combine with asparagus and chia seeds, avocado. Season to taste and serve.",Global,weight_gain,1058,51.5,49.5,101.5,https://tse2.mm.bing.net/th?q=Turkey%20with%20Quinoa%20%26%20Asparagus%20food&w=400&h=400&c=7
132,Chicken & Zucchini Salad,"chicken breast, zucchini, broccoli, avocado, honey","Prepare the chicken breast. Cook zucchini as appropriate. Combine with zucchini, broccoli and avocado, honey. Season to taste and serve.",Global,maintenance,732,44,36,58,https://tse2.mm.bing.net/th?q=Chicken%20%26%20Zucchini%20Salad%20food&w=400&h=400&c=7
133,Black Bean with Brown rice & Mixed salad greens,"black beans, brown rice, mixed salad greens, broccoli, bell pepper, garlic, chia seeds, soy sauce","Prepare the black beans. Cook brown rice as appropriate. Combine with mixed salad greens, broccoli, bell pepper and garlic, chia seeds, soy sauce. Season to taste and serve.",Middle Eastern,weight_loss,752,42.6,16.1,109.1,https://tse2.mm.bing.net/th?q=Black%20Bean%20with%20Brown%20rice%20%26%20Mixed%20salad%20greens%20food&w=400&h=400&c=7
134,Chickpea with Sweet potato & Carrots,"chickpeas, sweet potato, carrots, nuts, olive oil","Prepare the chickpeas. Cook sweet potato as appropriate. Combine with carrots and nuts, olive oil. Season to taste and serve.",Middle Eastern,weight_gain,1042,29.4,44,132.2,https://tse2.mm.bing.net/th?q=Chickpea%20with%20Sweet%20potato%20%26%20Carrots%20food&w=400&h=400&c=7
135,Eggs with Rolled oats & Kale,"eggs, rolled oats, kale, broccoli, spinach, banana, nuts, olive oil","Prepare the eggs. Cook rolled oats as appropriate. Combine with kale, broccoli, spinach and banana, nuts, olive oil. Season to taste and serve.",Asian,weight_gain,1288,42,59.4,146.3,https://tse2.mm.bing.net/th?q=Eggs%20with%20Rolled%20oats%20%26%20Kale%20food&w=400&h=400&c=7
136,Quinoa with Quinoa & Carrots,"quinoa, quinoa, carrots, kale, mixed salad greens, honey, lemon","Prepare the quinoa. Cook quinoa as appropriate. Combine with carrots, kale, mixed salad greens and honey, lemon. Season to taste and serve.",Asian,weight_gain,567,18.9,13.2,93.2,https://tse2.mm.bing.net/th?q=Quinoa%20with%20Quinoa%20%26%20Carrots%20food&w=400&h=400&c=7
137,Turkey & Kale Salad,"turkey mince, kale, chia seeds, avocado","Prepare the turkey mince. Cook kale as appropriate. Combine with kale and chia seeds, avocado. Season to taste and serve.",Mediterranean,weight_gain,810,44.1,48.4,49.6,https://tse2.mm.bing.net/th?q=Turkey%20%26%20Kale%20Salad%20food&w=400&h=400&c=7
138,Quinoa with Sweet potato & Spinach,"quinoa, sweet potato, spinach, lemon",Prepare the quinoa. Cook sweet potato as appropriate. Combine with spinach and lemon. Season to taste and serve.,Global,weight_loss,540,28,7.6,89.8,https://tse2.mm.bing.net/th?q=Quinoa%20with%20Sweet%20potato%20%26%20Spinach%20food&w=400&h=400&c=7
139,Oat with Brown rice & Zucchini,"oats, brown rice, zucchini, kale, spinach, yogurt, honey, banana","Prepare the oats. Cook brown rice as appropriate. Combine with zucchini, kale, spinach and yogurt, honey, banana. Season to taste and serve.",Asian,maintenance,992,36,16,176,https://tse2.mm.bing.net/th?q=Oat%20with%20Brown%20rice%20%26%20Zucchini%20food&w=400&h=400&c=7
140,Turkey & Carrots Salad,"turkey mince, carrots, sesame oil",Prepare the turkey mince. Cook carrots as appropriate. Combine with carrots and sesame oil. Season to taste and serve.,Middle Eastern,weight_gain,478,41,27.5,16.5,https://tse2.mm.bing.net/th?q=Turkey%20%26%20Carrots%20Salad%20food&w=400&h=400&c=7
141,Salmon with Rolled oats & Carrots,"salmon fillet, rolled oats, carrots, zucchini, bell pepper, berries, lemon","Prepare the salmon fillet. Cook rolled oats as appropriate. Combine with carrots, zucchini, bell pepper and berries, lemon. Season to taste and serve.",Asian,maintenance,824,41,28,102,https://tse2.mm.bing.net/th?q=Salmon%20with%20Rolled%20oats%20%26%20Carrots%20food&w=400&h=400&c=7
142,Eggs with Potato & Kale,"eggs, potato, kale, mixed salad greens, spinach, chia seeds, olive oil","Prepare the eggs. Cook potato as appropriate. Combine with kale, mixed salad greens, spinach and chia seeds, olive oil. Season to taste and serve.",Mediterranean,weight_loss,740,32.5,38,66.9,https://tse2.mm.bing.net/th?q=Eggs%20with%20Potato%20%26%20Kale%20food&w=400&h=400&c=7
143,Eggs & Zucchini Salad,"eggs, zucchini, mixed salad greens, broccoli, ginger, banana","Prepare the eggs. Cook zucchini as appropriate. Combine with zucchini, mixed salad greens, broccoli and ginger, banana. Season to taste and serve.",Indian,weight_loss,474,31.4,13.3,57.2,https://tse2.mm.bing.net/th?q=Eggs%20%26%20Zucchini%20Salad%20food&w=400&h=400&c=7
144,Oat with Potato & Kale,"oats, potato, kale, berries, yogurt, honey","Prepare the oats. Cook potato as appropriate. Combine with kale and berries, yogurt, honey. Season to taste and serve.",Middle Eastern,maintenance,800,25,12,148,https://tse2.mm.bing.net/th?q=Oat%20with%20Potato%20%26%20Kale%20food&w=400&h=400&c=7
145,Chicken & Zucchini Salad,"chicken breast, zucchini, asparagus, spinach, avocado, berries, banana","Prepare the chicken breast. Cook zucchini as appropriate. Combine with zucchini, asparagus, spinach and avocado, berries, banana. Season to taste and serve.",American,weight_gain,883,49.4,36.3,89.7,https://tse2.mm.bing.net/th?q=Chicken%20%26%20Zucchini%20Salad%20food&w=400&h=400&c=7
146,Chickpea with Rolled oats & Zucchini,"chickpeas, rolled oats, zucchini, bell pepper, yogurt","Prepare the chickpeas. Cook rolled oats as appropriate. Combine with zucchini, bell pepper and yogurt. Season to taste and serve.",American,weight_loss,913,47,23.8,127.6,https://tse2.mm.bing.net/th?q=Chickpea%20with%20Rolled%20oats%20%26%20Zucchini%20food&w=400&h=400&c=7
147,Turkey with Quinoa & Asparagus,"turkey mince, quinoa, asparagus, carrots, avocado, garlic","Prepare the turkey mince. Cook quinoa as appropriate. Combine with asparagus, carrots and avocado, garlic. Season to taste and serve.",Middle Eastern,weight_gain,887,45.1,41.8,82.6,https://tse2.mm.bing.net/th?q=Turkey%20with%20Quinoa%20%26%20Asparagus%20food&w=400&h=400&c=7
148,Chickpea with Sweet potato & Kale,"chickpeas, sweet potato, kale, olive oil",Prepare the chickpeas. Cook sweet potato as appropriate. Combine with kale and olive oil. Season to taste and serve.,Indian,maintenance,742,28,26,99,https://tse2.mm.bing.net/th?q=Chickpea%20with%20Sweet%20potato%20%26%20Kale%20food&w=400&h=400&c=7
149,Eggs & Asparagus Salad,"eggs, asparagus, spinach, mixed salad greens, chia seeds, nuts","Prepare the eggs. Cook asparagus as appropriate. Combine with asparagus, spinach, mixed salad greens and chia seeds, nuts. Season to taste and serve.",Global,weight_loss,691,39.2,41.8,39.6,https://tse2.mm.bing.net/th?q=Eggs%20%26%20Asparagus%20Salad%20food&w=400&h=400&c=7
150,Turkey with Brown rice & Zucchini,"turkey mince, brown rice, zucchini, berries, banana","Prepare the turkey mince. Cook brown rice as appropriate. Combine with zucchini and berries, banana. Season to taste and serve.",Global,weight_loss,643,41.4,10.4,95.9,https://tse2.mm.bing.net/th?q=Turkey%20with%20Brown%20rice%20%26%20Zucchini%20food&w=400&h=400&c=7
151,Tofu & Asparagus Salad,"tofu, asparagus, mixed salad greens, bell pepper, olive oil, avocado","Prepare the tofu. Cook asparagus as appropriate. Combine with asparagus, mixed salad greens, bell pepper and olive oil, avocado. Season to taste and serve.",American,weight_gain,854,27.3,55,62.5,https://tse2.mm.bing.net/th?q=Tofu%20%26%20Asparagus%20Salad%20food&w=400&h=400&c=7
152,Tuna with Potato & Zucchini,"tuna steak, potato, zucchini, mixed salad greens, banana, berries, lemon","Prepare the tuna steak. Cook potato as appropriate. Combine with zucchini, mixed salad greens and banana, berries, lemon. Season to taste and serve.",Asian,weight_gain,726,47.2,9.9,112.1,https://tse2.mm.bing.net/th?q=Tuna%20with%20Potato%20%26%20Zucchini%20food&w=400&h=400&c=7
153,Turkey with Sweet potato & Broccoli,"turkey mince, sweet potato, broccoli, carrots, mixed salad greens, yogurt","Prepare the turkey mince. Cook sweet potato as appropriate. Combine with broccoli, carrots, mixed salad greens and yogurt. Season to taste and serve.",Middle Eastern,maintenance,695,57,19,74,https://tse2.mm.bing.net/th?q=Turkey%20with%20Sweet%20potato%20%26%20Broccoli%20food&w=400&h=400&c=7
154,Quinoa & Asparagus Salad,"quinoa, asparagus, sesame oil, garlic, avocado","Prepare the quinoa. Cook asparagus as appropriate. Combine with asparagus and sesame oil, garlic, avocado. Season to taste and serve.",Indian,weight_gain,950,23.1,52.8,95.6,https://tse2.mm.bing.net/th?q=Quinoa%20%26%20Asparagus%20Salad%20food&w=400&h=400&c=7
155,Tuna with Brown rice & Asparagus,"tuna steak, brown rice, asparagus, carrots, avocado","Prepare the tuna steak. Cook brown rice as appropriate. Combine with asparagus, carrots and avocado. Season to taste and serve.",Indian,maintenance,756,40,32,77,https://tse2.mm.bing.net/th?q=Tuna%20with%20Brown%20rice%20%26%20Asparagus%20food&w=400&h=400&c=7
156,Oat & Bell pepper Salad,"oats, bell pepper, asparagus, broccoli, nuts, garlic, chia seeds","Prepare the oats. Cook bell pepper as appropriate. Combine with bell pepper, asparagus, broccoli and nuts, garlic, chia seeds. Season to taste and serve.",Italian,weight_gain,988,28.4,36.3,136.9,https://tse2.mm.bing.net/th?q=Oat%20%26%20Bell%20pepper%20Salad%20food&w=400&h=400&c=7
157,Salmon with Sweet potato & Mixed salad greens,"salmon fillet, sweet potato, mixed salad greens, spinach, yogurt, ginger","Prepare the salmon fillet. Cook sweet potato as appropriate. Combine with mixed salad greens, spinach and yogurt, ginger. Season to taste and serve.",Italian,maintenance,650,50,18,72,https://tse2.mm.bing.net/th?q=Salmon%20with%20Sweet%20potato%20%26%20Mixed%20salad%20greens%20food&w=400&h=400&c=7
158,Black Bean with Whole wheat pasta & Carrots,"black beans, whole wheat pasta, carrots, zucchini, bell pepper, garlic, nuts","Prepare the black beans. Cook whole wheat pasta as appropriate. Combine with carrots, zucchini, bell pepper and garlic, nuts. Season to taste and serve.",Middle Eastern,weight_gain,924,37.8,31.9,121.5,https://tse2.mm.bing.net/th?q=Black%20Bean%20with%20Whole%20wheat%20pasta%20%26%20Carrots%20food&w=400&h=400&c=7
159,Turkey with Whole wheat pasta & Zucchini,"turkey mince, whole wheat pasta, zucchini, yogurt, ginger","Prepare the turkey mince. Cook whole wheat pasta as appropriate. Combine with zucchini and yogurt, ginger. Season to taste and serve.",Global,weight_loss,659,59.4,17.1,66.9,https://tse2.mm.bing.net/th?q=Turkey%20with%20Whole%20wheat%20pasta%20%26%20Zucchini%20food&w=400&h=400&c=7
160,Salmon with Potato & Mixed salad greens,"salmon fillet, potato, mixed salad greens, carrots, honey, garlic","Prepare the salmon fillet. Cook potato as appropriate. Combine with mixed salad greens, carrots and honey, garlic. Season to taste and serve.",Indian,maintenance,636,31,20,83,https://tse2.mm.bing.net/th?q=Salmon%20with%20Potato%20%26%20Mixed%20salad%20greens%20food&w=400&h=400&c=7
161,Oat with Sweet potato & Bell pepper,"oats, sweet potato, bell pepper, soy sauce, chia seeds, honey","Prepare the oats. Cook sweet potato as appropriate. Combine with bell pepper and soy sauce, chia seeds, honey. Season to taste and serve.",Asian,weight_loss,779,26.9,19,125,https://tse2.mm.bing.net/th?q=Oat%20with%20Sweet%20potato%20%26%20Bell%20pepper%20food&w=400&h=400&c=7
162,Oat & Bell pepper Salad,"oats, bell pepper, lemon",Prepare the oats. Cook bell pepper as appropriate. Combine with bell pepper and lemon. Season to taste and serve.,Italian,weight_loss,441,20.2,9.5,68.6,https://tse2.mm.bing.net/th?q=Oat%20%26%20Bell%20pepper%20Salad%20food&w=400&h=400&c=7
163,Chicken & Mixed salad greens Salad,"chicken breast, mixed salad greens, nuts, honey, banana","Prepare the chicken breast. Cook mixed salad greens as appropriate. Combine with mixed salad greens and nuts, honey, banana. Season to taste and serve.",Mexican,weight_loss,689,43.7,24.7,73,https://tse2.mm.bing.net/th?q=Chicken%20%26%20Mixed%20salad%20greens%20Salad%20food&w=400&h=400&c=7
164,Turkey with Rolled oats & Kale,"turkey mince, rolled oats, kale, garlic, olive oil","Prepare the turkey mince. Cook rolled oats as appropriate. Combine with kale and garlic, olive oil. Season to taste and serve.",Italian,maintenance,733,40,33,69,https://tse2.mm.bing.net/th?q=Turkey%20with%20Rolled%20oats%20%26%20Kale%20food&w=400&h=400&c=7
165,Chicken with Potato & Asparagus,"chicken breast, potato, asparagus, nuts, banana","Prepare the chicken breast. Cook potato as appropriate. Combine with asparagus and nuts, banana. Season to taste and serve.",Global,weight_loss,745,51.5,26.6,74.8,https://tse2.mm.bing.net/th?q=Chicken%20with%20Potato%20%26%20Asparagus%20food&w=400&h=400&c=7
166,Eggs with Sweet potato & Zucchini,"eggs, sweet potato, zucchini, asparagus, spinach, yogurt","Prepare the eggs. Cook sweet potato as appropriate. Combine with zucchini, asparagus, spinach and yogurt. Season to taste and serve.",Middle Eastern,weight_gain,693,36.8,19.8,92,https://tse2.mm.bing.net/th?q=Eggs%20with%20Sweet%20potato%20%26%20Zucchini%20food&w=400&h=400&c=7
167,Lentil with Brown rice & Spinach,"lentils, brown rice, spinach, carrots, nuts","Prepare the lentils. Cook brown rice as appropriate. Combine with spinach, carrots and nuts. Season to taste and serve.",Middle Eastern,weight_loss,810,45.9,23.8,103,https://tse2.mm.bing.net/th?q=Lentil%20with%20Brown%20rice%20%26%20Spinach%20food&w=400&h=400&c=7
168,Tuna with Potato & Zucchini,"tuna steak, potato, zucchini, sesame oil, yogurt, ginger","Prepare the tuna steak. Cook potato as appropriate. Combine with zucchini and sesame oil, yogurt, ginger. Season to taste and serve.",American,weight_gain,837,51.5,29.7,90.9,https://tse2.mm.bing.net/th?q=Tuna%20with%20Potato%20%26%20Zucchini%20food&w=400&h=400&c=7
169,Tuna with Rolled oats & Asparagus,"tuna steak, rolled oats, asparagus, zucchini, ginger","Prepare the tuna steak. Cook rolled oats as appropriate. Combine with asparagus, zucchini and ginger. Season to taste and serve.",Asian,weight_loss,638,50.4,15.2,74.8,https://tse2.mm.bing.net/th?q=Tuna%20with%20Rolled%20oats%20%26%20Asparagus%20food&w=400&h=400&c=7
170,Chickpea & Bell pepper Salad,"chickpeas, bell pepper, mixed salad greens, spinach, honey, berries, lemon","Prepare the chickpeas. Cook bell pepper as appropriate. Combine with bell pepper, mixed salad greens, spinach and honey, berries, lemon. Season to taste and serve.",Global,weight_gain,773,30.5,11,138.1,https://tse2.mm.bing.net/th?q=Chickpea%20%26%20Bell%20pepper%20Salad%20food&w=400&h=400&c=7
171,Salmon with Potato & Bell pepper,"salmon fillet, potato, bell pepper, zucchini, mixed salad greens, garlic","Prepare the salmon fillet. Cook potato as appropriate. Combine with bell pepper, zucchini, mixed salad greens and garlic. Season to taste and serve.",Middle Eastern,weight_gain,644,35.7,24.2,70.8,https://tse2.mm.bing.net/th?q=Salmon%20with%20Potato%20%26%20Bell%20pepper%20food&w=400&h=400&c=7
172,Black Bean with Brown rice & Kale,"black beans, brown rice, kale, zucchini, nuts, berries","Prepare the black beans. Cook brown rice as appropriate. Combine with kale, zucchini and nuts, berries. Season to taste and serve.",American,weight_gain,899,34.6,23.1,138.1,https://tse2.mm.bing.net/th?q=Black%20Bean%20with%20Brown%20rice%20%26%20Kale%20food&w=400&h=400&c=7
173,Tuna & Bell pepper Salad,"tuna steak, bell pepper, zucchini, broccoli, avocado","Prepare the tuna steak. Cook bell pepper as appropriate. Combine with bell pepper, zucchini, broccoli and avocado. Season to taste and serve.",Middle Eastern,weight_loss,579,45.9,29.4,32.6,https://tse2.mm.bing.net/th?q=Tuna%20%26%20Bell%20pepper%20Salad%20food&w=400&h=400&c=7
174,Tuna with Quinoa & Mixed salad greens,"tuna steak, quinoa, mixed salad greens, kale, bell pepper, avocado, honey","Prepare the tuna steak. Cook quinoa as appropriate. Combine with mixed salad greens, kale, bell pepper and avocado, honey. Season to taste and serve.",Mediterranean,weight_gain,945,53.6,31.9,110.9,https://tse2.mm.bing.net/th?q=Tuna%20with%20Quinoa%20%26%20Mixed%20salad%20greens%20food&w=400&h=400&c=7
175,Black Bean with Quinoa & Bell pepper,"black beans, quinoa, bell pepper, mixed salad greens, broccoli, soy sauce","Prepare the black beans. Cook quinoa as appropriate. Combine with bell pepper, mixed salad greens, broccoli and soy sauce. Season to taste and serve.",Global,maintenance,746,41,14,114,https://tse2.mm.bing.net/th?q=Black%20Bean%20with%20Quinoa%20%26%20Bell%20pepper%20food&w=400&h=400&c=7
176,Lentil & Carrots Salad,"lentils, carrots, garlic, soy sauce","Prepare the lentils. Cook carrots as appropriate. Combine with carrots and garlic, soy sauce. Season to taste and serve.",Mexican,maintenance,396,24,4,66,https://tse2.mm.bing.net/th?q=Lentil%20%26%20Carrots%20Salad%20food&w=400&h=400&c=7
177,Quinoa & Bell pepper Salad,"quinoa, bell pepper, lemon",Prepare the quinoa. Cook bell pepper as appropriate. Combine with bell pepper and lemon. Season to taste and serve.,Mediterranean,weight_gain,451,19.9,7.7,75.5,https://tse2.mm.bing.net/th?q=Quinoa%20%26%20Bell%20pepper%20Salad%20food&w=400&h=400&c=7
178,Chicken with Quinoa & Bell pepper,"chicken breast, quinoa, bell pepper, mixed salad greens, broccoli, chia seeds","Prepare the chicken breast. Cook quinoa as appropriate. Combine with bell pepper, mixed salad greens, broccoli and chia seeds. Season to taste and serve.",Indian,maintenance,786,53,26,85,https://tse2.mm.bing.net/th?q=Chicken%20with%20Quinoa%20%26%20Bell%20pepper%20food&w=400&h=400&c=7
179,Tuna & Bell pepper Salad,"tuna steak, bell pepper, carrots, kale, olive oil, chia seeds","Prepare the tuna steak. Cook bell pepper as appropriate. Combine with bell pepper, carrots, kale and olive oil, chia seeds. Season to taste and serve.",Asian,weight_gain,640,47.2,28.6,48.4,https://tse2.mm.bing.net/th?q=Tuna%20%26%20Bell%20pepper%20Salad%20food&w=400&h=400&c=7
180,Oat with Potato & Mixed salad greens,"oats, potato, mixed salad greens, bell pepper, soy sauce","Prepare the oats. Cook potato as appropriate. Combine with mixed salad greens, bell pepper and soy sauce. Season to taste and serve.",Italian,weight_loss,683,29.1,15.2,107.4,https://tse2.mm.bing.net/th?q=Oat%20with%20Potato%20%26%20Mixed%20salad%20greens%20food&w=400&h=400&c=7
181,Turkey with Rolled oats & Carrots,"turkey mince, rolled oats, carrots, chia seeds",Prepare the turkey mince. Cook rolled oats as appropriate. Combine with carrots and chia seeds. Season to taste and serve.,Italian,maintenance,793,50,25,92,https://tse2.mm.bing.net/th?q=Turkey%20with%20Rolled%20oats%20%26%20Carrots%20food&w=400&h=400&c=7
182,Turkey with Whole wheat pasta & Spinach,"turkey mince, whole wheat pasta, spinach, bell pepper, kale, chia seeds","Prepare the turkey mince. Cook whole wheat pasta as appropriate. Combine with spinach, bell pepper, kale and chia seeds. Season to taste and serve.",Mexican,weight_loss,674,58.2,18.1,69.5,https://tse2.mm.bing.net/th?q=Turkey%20with%20Whole%20wheat%20pasta%20%26%20Spinach%20food&w=400&h=400&c=7
183,Turkey & Bell pepper Salad,"turkey mince, bell pepper, carrots, spinach, soy sauce, olive oil","Prepare the turkey mince. Cook bell pepper as appropriate. Combine with bell pepper, carrots, spinach and soy sauce, olive oil. Season to taste and serve.",Mexican,maintenance,542,38,30,30,https://tse2.mm.bing.net/th?q=Turkey%20%26%20Bell%20pepper%20Salad%20food&w=400&h=400&c=7
184,Quinoa & Bell pepper Salad,"quinoa, bell pepper, zucchini, honey, soy sauce","Prepare the quinoa. Cook bell pepper as appropriate. Combine with bell pepper, zucchini and honey, soy sauce. Season to taste and serve.",Italian,weight_gain,580,19.9,12.1,97.9,https://tse2.mm.bing.net/th?q=Quinoa%20%26%20Bell%20pepper%20Salad%20food&w=400&h=400&c=7
185,Eggs with Sweet potato & Spinach,"eggs, sweet potato, spinach, mixed salad greens, nuts, sesame oil, ginger","Prepare the eggs. Cook sweet potato as appropriate. Combine with spinach, mixed salad greens and nuts, sesame oil, ginger. Season to taste and serve.",Middle Eastern,weight_gain,894,30.5,50.6,79.1,https://tse2.mm.bing.net/th?q=Eggs%20with%20Sweet%20potato%20%26%20Spinach%20food&w=400&h=400&c=7
186,Chicken with Potato & Mixed salad greens,"chicken breast, potato, mixed salad greens, kale, spinach, sesame oil","Prepare the chicken breast. Cook potato as appropriate. Combine with mixed salad greens, kale, spinach and sesame oil. Season to taste and serve.",Mexican,maintenance,692,46,28,64,https://tse2.mm.bing.net/th?q=Chicken%20with%20Potato%20%26%20Mixed%20salad%20greens%20food&w=400&h=400&c=7
187,Chickpea & Carrots Salad,"chickpeas, carrots, bell pepper, spinach, honey, sesame oil, garlic","Prepare the chickpeas. Cook carrots as appropriate. Combine with carrots, bell pepper, spinach and honey, sesame oil, garlic. Season to taste and serve.",Asian,maintenance,745,29,25,101,https://tse2.mm.bing.net/th?q=Chickpea%20%26%20Carrots%20Salad%20food&w=400&h=400&c=7
188,Oat & Broccoli Salad,"oats, broccoli, mixed salad greens, carrots, olive oil, honey, avocado","Prepare the oats. Cook broccoli as appropriate. Combine with broccoli, mixed salad greens, carrots and olive oil, honey, avocado. Season to taste and serve.",Asian,weight_loss,848,21.3,40.9,98.6,https://tse2.mm.bing.net/th?q=Oat%20%26%20Broccoli%20Salad%20food&w=400&h=400&c=7
189,Black Bean with Brown rice & Carrots,"black beans, brown rice, carrots, asparagus, bell pepper, olive oil","Prepare the black beans. Cook brown rice as appropriate. Combine with carrots, asparagus, bell pepper and olive oil. Season to taste and serve.",Italian,weight_loss,722,34.7,21.8,96.8,https://tse2.mm.bing.net/th?q=Black%20Bean%20with%20Brown%20rice%20%26%20Carrots%20food&w=400&h=400&c=7
190,Tuna with Rolled oats & Mixed salad greens,"tuna steak, rolled oats, mixed salad greens, carrots, spinach, lemon","Prepare the tuna steak. Cook rolled oats as appropriate. Combine with mixed salad greens, carrots, spinach and lemon. Season to taste and serve.",Asian,maintenance,659,48,15,83,https://tse2.mm.bing.net/th?q=Tuna%20with%20Rolled%20oats%20%26%20Mixed%20salad%20greens%20food&w=400&h=400&c=7
191,Lentil with Sweet potato & Bell pepper,"lentils, sweet potato, bell pepper, asparagus, soy sauce","Prepare the lentils. Cook sweet potato as appropriate. Combine with bell pepper, asparagus and soy sauce. Season to taste and serve.",Mediterranean,maintenance,589,28,5,108,https://tse2.mm.bing.net/th?q=Lentil%20with%20Sweet%20potato%20%26%20Bell%20pepper%20food&w=400&h=400&c=7
192,Lentil with Sweet potato & Broccoli,"lentils, sweet potato, broccoli, garlic, lemon, nuts","Prepare the lentils. Cook sweet potato as appropriate. Combine with broccoli and garlic, lemon, nuts. Season to taste and serve.",Italian,maintenance,752,35,20,108,https://tse2.mm.bing.net/th?q=Lentil%20with%20Sweet%20potato%20%26%20Broccoli%20food&w=400&h=400&c=7
193,Turkey & Carrots Salad,"turkey mince, carrots, kale, broccoli, banana","Prepare the turkey mince. Cook carrots as appropriate. Combine with carrots, kale, broccoli and banana. Season to taste and serve.",Indian,maintenance,459,35,11,55,https://tse2.mm.bing.net/th?q=Turkey%20%26%20Carrots%20Salad%20food&w=400&h=400&c=7
194,Chicken & Kale Salad,"chicken breast, kale, mixed salad greens, asparagus, lemon, soy sauce","Prepare the chicken breast. Cook kale as appropriate. Combine with kale, mixed salad greens, asparagus and lemon, soy sauce. Season to taste and serve.",Asian,weight_loss,397,44.8,13.3,24.6,https://tse2.mm.bing.net/th?q=Chicken%20%26%20Kale%20Salad%20food&w=400&h=400&c=7
195,Tofu & Spinach Salad,"tofu, spinach, zucchini, asparagus, olive oil, lemon","Prepare the tofu. Cook spinach as appropriate. Combine with spinach, zucchini, asparagus and olive oil, lemon. Season to taste and serve.",Italian,weight_loss,444,30.2,28.5,16.7,https://tse2.mm.bing.net/th?q=Tofu%20%26%20Spinach%20Salad%20food&w=400&h=400&c=7
196,Oat with Sweet potato & Bell pepper,"oats, sweet potato, bell pepper, kale, avocado, honey, garlic","Prepare the oats. Cook sweet potato as appropriate. Combine with bell pepper, kale and avocado, honey, garlic. Season to taste and serve.",Italian,weight_gain,1080,23.1,35.2,167.6,https://tse2.mm.bing.net/th?q=Oat%20with%20Sweet%20potato%20%26%20Bell%20pepper%20food&w=400&h=400&c=7
197,Salmon with Sweet potato & Kale,"salmon fillet, sweet potato, kale, asparagus, bell pepper, sesame oil, lemon","Prepare the salmon fillet. Cook sweet potato as appropriate. Combine with kale, asparagus, bell pepper and sesame oil, lemon. Season to taste and serve.",Mediterranean,weight_loss,642,39.2,31.3,51,https://tse2.mm.bing.net/th?q=Salmon%20with%20Sweet%20potato%20%26%20Kale%20food&w=400&h=400&c=7
198,Tofu with Sweet potato & Mixed salad greens,"tofu, sweet potato, mixed salad greens, broccoli, lemon","Prepare the tofu. Cook sweet potato as appropriate. Combine with mixed salad greens, broccoli and lemon. Season to taste and serve.",Middle Eastern,weight_loss,498,34.7,16.1,53.7,https://tse2.mm.bing.net/th?q=Tofu%20with%20Sweet%20potato%20%26%20Mixed%20salad%20greens%20food&w=400&h=400&c=7
199,Tuna with Brown rice & Bell pepper,"tuna steak, brown rice, bell pepper, zucchini, mixed salad greens, banana","Prepare the tuna steak. Cook brown rice as appropriate. Combine with bell pepper, zucchini, mixed salad greens and banana. Season to taste and serve.",Italian,weight_loss,641,49.3,11.4,85.4,https://tse2.mm.bing.net/th?q=Tuna%20with%20Brown%20rice%20%26%20Bell%20pepper%20food&w=400&h=400&c=7
200,Salmon with Whole wheat pasta & Zucchini,"salmon fillet, whole wheat pasta, zucchini, bell pepper, sesame oil","Prepare the salmon fillet. Cook whole wheat pasta as appropriate. Combine with zucchini, bell pepper and sesame oil. Season to taste and serve.",Indian,maintenance,766,40,34,75,https://tse2.mm.bing.net/th?q=Salmon%20with%20Whole%20wheat%20pasta%20%26%20Zucchini%20food&w=400&h=400&c=7
201,Salmon with Brown rice & Asparagus,"salmon fillet, brown rice, asparagus, mixed salad greens, avocado, sesame oil, nuts","Prepare the salmon fillet. Cook brown rice as appropriate. Combine with asparagus, mixed salad greens and avocado, sesame oil, nuts. Season to taste and serve.",Middle Eastern,weight_gain,1281,43.1,77,103.8,https://tse2.mm.bing.net/th?q=Salmon%20with%20Brown%20rice%20%26%20Asparagus%20food&w=400&h=400&c=7
202,Quinoa & Carrots Salad,"quinoa, carrots, garlic, avocado","Prepare the quinoa. Cook carrots as appropriate. Combine with carrots and garlic, avocado. Season to taste and serve.",Middle Eastern,weight_gain,730,22.1,33,86.1,https://tse2.mm.bing.net/th?q=Quinoa%20%26%20Carrots%20Salad%20food&w=400&h=400&c=7
203,Lentil with Sweet potato & Spinach,"lentils, sweet potato, spinach, zucchini, berries","Prepare the lentils. Cook sweet potato as appropriate. Combine with spinach, zucchini and berries. Season to taste and serve.",Asian,weight_gain,782,37.8,7.7,140.4,https://tse2.mm.bing.net/th?q=Lentil%20with%20Sweet%20potato%20%26%20Spinach%20food&w=400&h=400&c=7
204,Tuna & Mixed salad greens Salad,"tuna steak, mixed salad greens, nuts, garlic, banana","Prepare the tuna steak. Cook mixed salad greens as appropriate. Combine with mixed salad greens and nuts, garlic, banana. Season to taste and serve.",Indian,weight_gain,721,45.1,28.6,70.8,https://tse2.mm.bing.net/th?q=Tuna%20%26%20Mixed%20salad%20greens%20Salad%20food&w=400&h=400&c=7
205,Salmon with Potato & Mixed salad greens,"salmon fillet, potato, mixed salad greens, zucchini, yogurt, avocado, chia seeds","Prepare the salmon fillet. Cook potato as appropriate. Combine with mixed salad greens, zucchini and yogurt, avocado, chia seeds. Season to taste and serve.",American,maintenance,1007,55,47,91,https://tse2.mm.bing.net/th?q=Salmon%20with%20Potato%20%26%20Mixed%20salad%20greens%20food&w=400&h=400&c=7
